"Name","LockedForChronos","Disabled","ItemName","WeaponSkill","UltimateSkill","Pet","Speed","Hitpoints","MeleeAutoAttackSplashDamage","AutoAttackSpeedMs","AutoAttackDamage","AutoAttackBulletsPerShot","AutoAttackMode","AutoAttackProjectileSpread","AutoAttackProjectile","AutoAttackRange","RegeneratePerSecond","UltiChargeMul","UltiChargeUltiMul","Type","DamagerPercentFromAliens","DefaultSkin","FileName","BlueExportName","RedExportName","ShadowExportName","AreaEffect","DeathAreaEffect","TakeDamageEffect","DeathEffect","MoveEffect","ReloadEffect","OutOfAmmoEffect","DryFireEffect","SpawnEffect","MeleeHitEffect","AutoAttackStartEffect","BoneEffect1","BoneEffect2","BoneEffect3","BoneEffect4","BoneEffectUse","LoopedEffect","LoopedEffect2","KillCelebrationSoundVO","InLeadCelebrationSoundVO","StartSoundVO","UseUltiSoundVO","TakeDamageSoundVO","DeathSoundVO","AttackSoundVO","AttackStartEffectOffset","TwoWeaponAttackEffectOffset","ShadowScaleX","ShadowScaleY","ShadowX","ShadowY","ShadowSkew","Scale","HeroScreenScale","FitToBoxScale","EndScreenScale","GatchaScreenScale","HomeScreenScale","HeroScreenXOffset","HeroScreenZOffset","CollisionRadius","HealthBar","HealthBarOffsetY","FlyingHeight","ProjectileStartZ","StopMovementAfterMS","WaitMS","TID","ForceAttackAnimationToEnd","IconSWF","IconExportName","RecoilAmount","Homeworld","FootstepClip","DifferentFootstepOffset","FootstepIntervalMS","AttackingWeaponScale","UseThrowingLeftWeaponBoneScaling","UseThrowingRightWeaponBoneScaling","ShowEnemyInMenus","CommonSetUpgradeBonus","RareSetUpgradeBonus","SuperRareSetUpgradeBonus","CanWalkOverWater","UseColorMod","RedAdd","GreenAdd","BlueAdd","RedMul","GreenMul","BlueMul","ChargeUltiAutomatically","VideoLink"
"string","boolean","boolean","string","string","string","string","int","int","boolean","int","int","int","string","int","string","int","int","int","int","String","int","string","string","string","string","string","string","string","string","string","string","string","string","string","string","string","string","string","string","string","string","string","string","string","string","string","string","string","string","string","string","int","int","int","int","int","int","int","int","int","int","int","int","int","int","int","int","string","int","int","int","int","int","string","boolean","string","string","int","string","string","int","int","int","boolean","boolean","boolean","int","int","int","boolean","boolean","int","int","int","int","int","int","int","string"
"ShotgunGirl",,,"shelly","ShotgunGirlWeapon","ShotgunGirlUlti",,720,3600,,,,,,,,12,,128,120,"Hero",,"BanditGirlDefault",,,,,,,"takedamage_gen","death_shotgun_girl","Gen_move_fx","reload_shotgun_girl","No_ammo_shotgungirl","Dry_fire_shotgungirl",,,,,,,,,,,"Shelly_Kill","Shelly_Lead","Shelly_Start","Utilshotgun_Vo","ShellyTakedamge_Vo","Shelly_Die",,30,,80,80,,,35,116,210,284,90,175,260,,,120,"Medium",-48,,450,,,"TID_SHOTGUN_GIRL",,"sc/ui.sc","hero_icon_shelly",1000,"human","footstep",25,250,200,,,,1,3,2,,,,,,,,,,"ShellyTutorial"
"Gunslinger",,,"colt","GunslingerWeapon","GunslingerUlti",,720,2800,,,,,,,,12,,115,90,"Hero",,"GunSlingerDefault",,,,,,,"takedamage_gen","death_gunslinger","Gen_move_fx","reload_gunslinger","No_ammo_shotgungirl","Dry_fire_shotgungirl",,,,,,,,,,,"Hotshot_Kill","Hotshot_Lead","Hotshot_Start","Hotshot_Ulti","Hotshot_Takedamge_Vo","Hotshot_Die",,35,50,80,80,,,35,116,210,284,90,185,270,,,120,"Medium",-52,,400,,,"TID_GUNSLINGER",,"sc/ui.sc","hero_icon_colt",300,"human","footstep",25,300,160,,,,2,3,1,,,,,,,,,,"ColtTutorial"
"BullDude",,,"bull","BullDudeWeapon","BullDudeUlti",,770,5200,,,,,,,,12,,95,120,"Hero",,"BullGuyDefault",,,,,,,"takedamage_gen","death_bull_dude","Gen_move_fx","reload_bull_dude","No_ammo_shotgungirl","Dry_fire_shotgungirl",,,,,,,,,,,"Bull_kill","Bull_lead","Bull_start","Bull_ulti","Bull_takedamage_vo","Bull_die",,40,,80,80,,,35,116,175,236,80,150,220,,,145,"Medium",-64,,450,,,"TID_BULL_DUDE",,"sc/ui.sc","hero_icon_bull",600,"human","footstep",40,300,130,,,,1,2,3,,,,,,,,,,"BullTutorial"
"RocketGirl",,,"brock","RocketGirlWeapon","RocketGirlUlti",,720,2800,,,,,,,,12,,100,80,"Hero",,"RocketGirlDefault",,,,,,,"takedamage_gen","death_rocket_girl","Gen_move_fx","reload_rocket_girl","No_ammo_shotgungirl","Brock_dryfire",,,,,,,,,,,"Brock_kill_vo","Brock_lead_vo","Brock_start_vo","Brock_ulti_vo","Brock_hurt_vo","Brock_die_vo",,35,,80,80,,,35,116,200,270,90,180,260,,,120,"Medium",-52,,500,,,"TID_ROCKET_GIRL",,"sc/ui.sc","hero_icon_brock",300,"human","footstep",25,500,100,,,"true",2,3,1,,,,,,,,,,"BrockTutorial"
"TrickshotDude",,,"ricochet","TrickshotDudeWeapon","TrickshotDudeUlti",,720,2400,,,,,,,,12,,112,112,"Hero",,"TrickshotDefault",,,,,,,"takedamage_gen","death_trickshot_dude","Gen_move_fx","reload_trickshot_dude","No_ammo_shotgungirl","dry_fire_mechanic",,,,,,,,,,,"Rick_kill","Rick_lead","Rick_start","Rick_ulti","Rick_hurt","Rick_die",,60,,80,80,,,35,116,200,280,90,175,260,,,120,"Medium",-49,,450,,,"TID_TRICKSHOT_DUDE",,"sc/ui.sc","hero_icon_rick",300,"human","footstep",25,300,160,,,,2,3,1,,,,,,,,,,"RicoTutorial"
"Cactus",,,"spike","CactusWeapon","CactusUlti",,720,2400,,,,,,,,12,,120,120,"Hero",,"CactusDefault",,,,,,,"takedamage_gen","death_cactus","Gen_move_fx","reload_cactus","No_ammo_shotgungirl","crow_dryfire",,,,,,,,,,,,,,,,,,35,,80,80,,,35,116,240,324,80,210,290,,,120,"Medium",-32,,450,,,"TID_CACTUS",,"sc/ui.sc","hero_icon_spike",0,"human","footstep",40,300,100,"true","true",,2,1,3,,,,,,,,,,"SpikeTutorial"
"Barkeep",,,"barley","BarkeepWeapon","BarkeepUlti",,720,2400,,,,,,,,12,,100,70,"Hero",,"BarkeepDefault",,,,,,,"takedamage_gen","death_barkeep","Gen_move_fx","reload_barkeep","No_ammo_shotgungirl","dry_fire_barkeep",,,,,,,,,,,"Barley_Kill","Barley_Lead","Barley_Start","Barley_Ulti","Barley_Hurt","Barley_Die","Barley_throw",,,80,80,,,35,116,190,290,80,180,250,,,120,"Medium",-45,,350,,,"TID_BARKEEP",,"sc/ui.sc","hero_icon_barley",0,"human","footstep",25,300,100,"true","true",,2,3,1,,,,,,,,,,"BarleyTutorial"
"Mechanic",,,"jessie","MechanicWeapon","MechanicUlti",,720,3200,,,,,,,,12,,85,100,"Hero",,"MechanicDefault",,,,,,,"takedamage_gen","death_mechanic","Gen_move_fx","reload_mechanic","No_ammo_shotgungirl","dry_fire_mechanic",,,,,,,,,,,"Jess_kill","Jess_lead","Jess_start","Jess_ulti","Jess_takedamage","Jess_die",,35,,80,80,,,35,116,190,300,80,150,270,-800,100,120,"Medium",-47,,350,,,"TID_MECHANIC",,"sc/ui.sc","hero_icon_jess",500,"human","footstep",20,200,160,,,,3,2,1,,,,,,,,,,"JessieTutorial"
"Shaman",,,"nita","ShamanWeapon","ShamanUlti",,720,3800,,,,,,,,12,,85,90,"Hero",,"ShamanDefault",,,,,,,"takedamage_gen","death_shaman","Gen_move_fx",,"No_ammo_shotgungirl","dry_fire_barkeep",,,,,,,,,,,"Nita_kill","Nita_lead","Nita_start","Nita_ulti","Nita_hurt","Nita_death",,35,,80,80,,,35,116,190,250,80,150,270,-600,1000,120,"Medium",-46,,100,,,"TID_SHAMAN",,"sc/ui.sc","hero_icon_nita",1000,"human","footstep",25,250,160,,,,3,1,2,,,,,,,,,,"NitaTutorial"
"TntDude",,,"dynamike","TntDudeWeapon","TntDudeUlti",,720,2800,,,,,,,,12,,120,100,"Hero",,"TntGuyDefault",,,,,,,"takedamage_gen","death_tnt_dude","Gen_move_fx","reload_tnt_dude","No_ammo_shotgungirl","dry_fire_barkeep",,,,,,,,,,,"Tnt_guy_kill_vo","Tnt_guy_lead_vo","Tnt_guy_start_vo","Tnt_guy_ulti_vo","Tnt_guy_hurt_vo","Tnt_guy_die_vo",,35,,80,80,,,35,116,190,300,80,150,270,,,120,"Medium",-50,,350,,,"TID_TNT_DUDE",,"sc/ui.sc","hero_icon_mike",0,"human","footstep",25,200,100,"true","true","true",2,1,3,,,,,,,,,,"MikeTutorial"
"Luchador",,,"elprimo","LuchadorWeapon","LuchadorUlti",,770,5800,,,,,,,,12,,120,120,"Hero",,"LuchadorDefault",,,,,,,"takedamage_gen","death_luchador","Gen_move_fx",,"No_ammo_shotgungirl","dry_fire_barkeep",,"Gen_hit_melee",,,,,,,,,"El_primo_kill","El_primo_lead","El_primo_start","El_primo_ulti","El_primo_hurt","El_primo_die","El_primo_atk",50,50,80,80,,,35,116,170,245,80,150,235,,,145,"Medium",-56,,400,,,"TID_LUCHADOR",,"sc/ui.sc","hero_icon_primo",0,"human","footstep",40,250,130,,,,1,3,2,,,,,,,,,,"PrimpTutorial"
"Undertaker",,,"mortis","UndertakerWeapon","UndertakerUlti",,820,3800,,,,,,,,12,,92,120,"Hero",,"UndertakerDefault",,,,,,,"takedamage_gen","death_undertaker","Gen_move_fx","reload_undertaker","No_ammo_shotgungirl","dry_fire_barkeep",,"Dummy_effect",,,,,,,,,"Mortis_kill","Mortis_lead","Mortis_start","Mortis_ulti_vo","Mortis_hurt","Mortis_die","Mortis_atk_vo",50,,80,80,,,35,130,200,285,95,170,260,,,120,"Medium",-59,,350,,,"TID_UNDERTAKER",,"sc/ui.sc","hero_icon_mortis",0,"human","footstep",25,350,165,,,,1,2,3,,,,,,,,,,"MortisTutorial"
"Crow",,,"crow","CrowWeapon","CrowUlti",,820,2400,,,,,,,,12,,90,80,"Hero",,"CrowDefault",,,,,,,"takedamage_gen","death_crow","Gen_move_fx","reload_crow","No_ammo_shotgungirl","crow_dryfire",,,,"Crow_bone_trail_1","Crow_bone_trail_2","Crow_bone_trail_3","Crow_bone_trail_4","ulti",,,"Crow_Kill","Crow_Lead","Crow_Start","Crow_Ulti","Crow_Takedamage","Crow_Die",,45,,80,80,,,35,116,230,350,90,210,290,,,120,"Medium",-41,,400,,,"TID_CROW",,"sc/ui.sc","hero_icon_crow",0,"human","footstep",20,200,100,"true","true",,2,1,3,,,,,,,,,,"CrowTutorial"
"DeadMariachi",,,"poco","DeadMariachiWeapon","DeadMariachiUlti",,720,3800,,,,,,,,12,,130,150,"Hero",,"DeadMariachiDefault",,,,,,,"takedamage_gen","death_dead_mariachi","Gen_move_fx","reload_dead_mariachi","No_ammo_shotgungirl","dry_fire_barkeep",,,,,,,,,,,"Poco_kill","Poco_lead","Poco_start","Poco_ulti_vo","Poco_hurt","Poco_die",,20,,80,80,,,35,116,200,300,85,180,260,,,120,"Medium",-56,,0,,,"TID_DEAD_MARIACHI",,"sc/ui.sc","hero_icon_poco",0,"human","footstep",25,250,100,,,,1,3,2,,,,,,,,,,"PocoTutorial"
"BowDude",,,"bo","BowDudeWeapon","BowDudeUlti",,720,3600,,,,,,,,12,,75,95,"Hero",,"BowDudeDefault",,,,,,,"takedamage_gen","death_bow_dude","Gen_move_fx","reload_bow_dude","No_ammo_shotgungirl","dry_fire_bowdude",,,,,,,,,,,"Bo_kill","Bo_lead","Bo_start","Bo_ulti_vo","Bo_hurt","Bo_die","Bo_atk_vo",45,,80,80,,,35,106,170,245,75,165,220,-150,,120,"Medium",-56,,400,,,"TID_BOW_DUDE",,"sc/ui.sc","hero_icon_bo",0,"human","footstep",30,300,100,"true",,,1,2,3,,,,,,,,,,"BoTutorial"
"Sniper",,,"piper","SniperWeapon","SniperUlti",,720,2400,,,,,,,,12,,90,90,"Hero",,"SniperDefault",,,,,,,"takedamage_gen","death_sniper","Gen_move_fx","reload_sniper","No_ammo_shotgungirl","Minig_dryfire",,,,,,,,,,,"Piper_Kill","Piper_Lead","Piper_Start","Piper_Ulti","Piper_Takedamage","Piper_Die",,45,,80,80,,,35,116,200,320,90,190,260,,,120,"Medium",-46,,450,,,"TID_SNIPER",,"sc/ui.sc","hero_icon_piper",100,"human","footstep",25,400,160,,,,2,3,1,,,,,,,,,,"PiperTutorial"
"MinigunDude",,,"pam","MinigunDudeWeapon","MinigunDudeUlti",,720,4300,,,,,,,,12,,112,130,"Hero",,"MinigunDudeDefault",,,,,,,"takedamage_gen","death_minigun","Gen_move_fx","reload_minigun","No_ammo_shotgungirl","Minig_dryfire",,,,,,,,,,,"Pam_kill","Pam_lead","Pam_start","Pam_ulti","Pam_hurt","Pam_die",,40,,80,80,,,35,95,140,205,70,140,190,-500,,145,"Medium",-59,,450,,,"TID_MINIGUN_DUDE",,"sc/ui.sc","hero_icon_mj",400,"human","footstep",30,400,130,,,,1,3,2,,,,,,,,,,"PamTutorial"
"BlackHole",,,"tara","BlackHoleWeapon","BlackHoleUlti","BlackHolePet",720,3200,,,,,,,,12,,82,90,"Hero",,"BlackholeDefault",,,,,,,"takedamage_gen","death_blackhole","Gen_move_fx","reload_blackhole","No_ammo_shotgungirl","Mystic_dryfire",,,,,,,,,,,,,,,,,,50,,80,80,,,35,116,190,270,80,175,230,,,120,"Medium",-59,,450,,,"TID_BLACK_HOLE",,"sc/ui.sc","hero_icon_taro",400,"human","footstep",30,400,130,,,,1,2,3,,,,,,,,,,"TaraTutorial"
"BarrelBot",,,"barrelbot","BarrelBotWeapon","BarrelBotUlti",,770,4200,,,,,,,,12,,125,120,"Hero",,"BarrelbotDefault",,,,,,,"takedamage_gen","death_barrel_bot","Gen_move_fx","reload_barrel_bot","No_ammo_shotgungirl","Dry_fire_shotgungirl",,,,,,,,,,,,,,,,,,50,80,80,80,,,35,116,190,257,80,175,230,,,145,"Medium",-48,,450,,,"TID_BARREL_BOT",,"sc/ui.sc","hero_icon_barrelbot",600,"human","footstep",40,300,130,,,,1,2,3,,,,,,,,,33,"DarrylTutorial"
"ArtilleryDude",,,,"ArtilleryDudeWeapon","ArtilleryDudeUlti",,720,3200,,,,,,,,12,,100,100,"Hero",,"ArtilleryGalDefault",,,,,,,"takedamage_gen","death_artillery_dude","Gen_move_fx","reload_artillery_dude","No_ammo_shotgungirl","dry_fire_mechanic",,,,,,,,,,,"Penny_kill","Penny_lead","Penny_start","Penny_ulti","Penny_takedamage","Penny_die",,35,,80,80,,,35,110,190,290,80,150,260,-500,600,120,"Medium",-45,,400,,,"TID_ARTILLERY_DUDE",,"sc/ui.sc","hero_icon_penny",500,"human","footstep",20,200,160,,,,3,2,1,,,,,,,,,,"PennyTutorial"
"HammerDude",,,,"HammerDudeWeapon","HammerDudeUlti",,770,5800,,,,,,,,12,,120,120,"Hero",,"FrankDefault",,,,,,,"takedamage_gen","death_hammer_dude","Gen_move_fx",,"No_ammo_shotgungirl","dry_fire_barkeep",,,,,,,,,,,"Frank_vo","Frank_vo","Frank_vo","Frank_vo","Frank_vo","Frank_vo","Frank_vo",75,,80,80,,,35,110,150,240,80,150,230,,,145,"Medium",-60,,100,,,"TID_HAMMER_DUDE",,"sc/ui.sc","hero_icon_frank",0,"human","footstep",40,250,130,,,,1,3,2,,,,,,,,,,"FrankTutorial"
"HookDude",,,,"HookWeapon","HookUlti",,720,3600,,,,,,,,12,,130,100,"Hero",,"HookDefault",,,,,,,"takedamage_gen","death_hook_dude","Gen_move_fx","reload_gene","No_ammo_shotgungirl","dry_fire_gene",,,,,,,,,,,"Gene_vo","Gene_vo","Gene_vo","Gene_vo","Gene_vo","Gene_vo",,30,,80,80,,,35,116,230,340,90,175,270,,,120,"Medium",-36,,350,,,"TID_HOOK",,"sc/ui.sc","hero_icon_gene",0,"human","footstep",25,350,200,,,,1,3,2,,,,,,,,,,"GeneTutorial"
"ClusterBombDude","TRUE","TRUE",,"ShotgunGirlWeapon","ShotgunGirlUlti",,720,3600,,,,,,,,12,,128,120,"Hero",,"BanditGirlDefault",,,,,,,"takedamage_gen","death_shotgun_girl","Gen_move_fx","reload_shotgun_girl","No_ammo_shotgungirl","Dry_fire_shotgungirl",,,,,,,,,,,"Shelly_Kill","Shelly_Lead","Shelly_Start","Utilshotgun_Vo","ShellyTakedamge_Vo","Shelly_Die",,30,,80,80,,,35,116,210,284,90,175,260,,,120,"Medium",-48,,450,,,"TID_SHOTGUN_GIRL",,"sc/ui.sc","hero_icon_shelly",1000,"human","footstep",25,250,200,,,,1,3,2,,,,,,,,,,"ShellyTutorial"
"Ninja",,,,"NinjaWeapon","NinjaUlti",,820,3200,,,,,,,,12,,110,100,"Hero",,"NinjaDefault",,,,,,,"takedamage_gen","death_ninja","Gen_move_fx","reload_leon","No_ammo_shotgungirl","Dry_fire_leon",,,,,,,,,,,,,,,,,,50,,80,80,,,35,116,190,330,80,150,270,,,120,"Medium",-55,,450,,,"TID_NINJA",,"sc/ui.sc","hero_icon_leon",0,"human","footstep",25,250,130,,,,3,2,1,,,,,,,,,,"LeonTutorial"
"Rosa",,,,"RosaWeapon","RosaUlti",,770,5000,,,,,,,,12,,85,100,"Hero",,"RosaDefault",,,,,,,"takedamage_gen","death_rosa","Gen_move_fx","reload_rosa","No_ammo_shotgungirl","dry_fire_barkeep",,,,,,,,,,,"Rosa_kill","Rosa_lead","Rosa_start","Rosa_ulti_vo","Rosa_hurt","Rosa_die",,50,,80,80,,,35,110,100,245,80,150,240,,,145,"Medium",-55,,400,,,"TID_ROSA",,"sc/ui.sc","hero_icon_rosa",0,"human","footstep",30,400,130,,,,3,2,1,,,,,,,,,,
"Whirlwind",,,,"WhirlwindWeapon","WhirlwindUlti",,720,4400,,,,,,,,12,,120,70,"Hero",,"WhirlwindDefault",,,,,,,"takedamage_gen","death_whirlwind","Gen_move_fx","reload_whirlwind","No_ammo_shotgungirl","Dry_fire_whirlwind",,"carl_def_ulti_hit",,,,,,,,,"Carl_kill_vo","Carl_lead_vo","Carl_start_vo","Carl_ulti_vo","Carl_hurt_vo","Carl_die_vo","Carl_atk_vo",30,,80,80,,,35,110,190,320,80,150,260,,,120,"Medium",-48,,450,,,"TID_WHIRLWIND",,"sc/ui.sc","hero_icon_carl",0,"human",,25,50,200,"TRUE","TRUE",,1,3,2,,,,,,,,,,
"Baseball","TRUE",,,"BaseballWeapon","BaseballUlti",,770,4200,,,,,,,,12,,110,100,"Hero",,"BaseballDefault",,,,,,,"takedamage_gen","death_baseball","Gen_move_fx","reload_baseball","No_ammo_shotgungirl","dry_fire_barkeep",,"bibi_def_atk_hit",,,,,,,,,,,,,,,,30,,80,80,,,35,116,210,320,90,190,270,,,120,"Medium",-48,,450,,,"TID_BASEBALL",,"sc/ui.sc","hero_icon_bibi",0,"human","footstep",25,250,100,,,,1,3,2,,,,,,,,,,
"TutorialDummy",,,,,,,0,700,,,,,,,,12,,,,"Minion_Building",,"MeleeBotDefault",,,,,,,"takedamage_gen","nuts_bolts_metal_explosion","Gen_move_fx",,"No_ammo_shotgungirl",,"tutorial_robo_spawn",,,,,,,,,,,,,,,,,35,,80,80,,,35,140,,,,,,,,145,"Medium",-60,,350,,,,,,,,,"footstep",25,400,160,,,,,,,,,,,,,,,,
"TutorialDummy2",,,,,,,0,700,,,,,,,,12,,,,"Minion_Building_charges_ulti",,"MeleeBotDefault",,,,,,,"takedamage_gen","nuts_bolts_metal_explosion","Gen_move_fx",,,,"tutorial_robo_spawn",,,,,,,,,,,,,,,,,35,,80,80,,,35,140,,,,,,,,145,"Medium",-60,,350,,,,,,,,,"footstep",25,400,160,,,,,,,,,,,,,,,,
"MechanicTurret",,,,,,,0,2800,,300,240,,,30,"MechanicTurretProjectile",27,,,,"Minion_Building",,"TurretDefault",,,,,,,"nuts_bolts_metal_small","nuts_bolts_metal_explosion",,,,,"SpawnTurret",,"jessie_def_turret_atk",,,,,,,,,,,,,,,35,,75,75,,,25,116,220,297,,,,1000,-400,120,"Medium",-32,,220,,,,,,,,,"footstep",25,400,160,,,,,,,,,,,,,,,,
"HealingStation",,,,,,,0,2800,,,,,,,,12,,,,"Minion_Building",,"HealstationDefault",,,,,"HealingStationHeal",,"nuts_bolts_metal_small","nuts_bolts_metal_explosion",,,,,"pam_def_ulti_spawn",,,,,,,,,,,,,,,,,,,75,75,,,25,106,100,135,,,,1400,-500,120,"Medium",-49,,300,,,,,,,,,"footstep",25,400,160,,,,,,,,,,,,,,,,
"Safe",,,,,,,0,40000,,700,,,,,,20,,,,"Pvp_Base",,"Safe",,,,,,,"nuts_bolts_metal_small","safe_explosion",,,,,,,,,,,,,,,,,,,,,,,,100,-100,0,0,0,84,,,,,,,,160,"Medium",-75,,300,,,,,,,,,"footstep",25,400,160,,,,,,,,,,,,,,,,
"ExplodingBarrel",,,,,,,0,12000,,,,,,,,,,,,"Minion_Building",,,"sc/level.sc","tnt_box","tnt_box","tnt_box_shadow",,"ExplodingBarrelExplosion",,,,,,,,,,,,,,,,,,,,,,,,35,,100,-100,0,0,0,95,,,,,,,,145,"Medium",-59,,350,,,,,,,,,"footstep",25,400,160,,,,,,,,,,,,,,,,
"PoisonBarrel",,,,,,,0,2,,,,,,,,,,,,"Minion_Building",,"Safe",,,,,,"PoisonBarrelExplosion",,,,,,,,,,,,,,,,,,,,,,,,35,,80,80,,,35,106,,,,,,,,145,,0,,350,,,,,,,,,"footstep",25,400,160,,,,,,,,,,,,,,,,
"ShamanPet",,,,,,,610,4000,,600,400,,,,,6,,,,"Minion_FindEnemies",,"ShamanBearDefault",,,,,,,,"death_bull_dude","Gen_move_fx",,,,"bear_spawn",,"bear_attack",,,,,,,,,,,,,,,30,,85,80,,,25,106,200,280,,,,500,-1250,145,"Medium",-63,,100,,,,,,,,,"footstep",25,250,160,,,,,,,,,,,,,,,,
"BoneThrowerPet",,,,,,,870,4000,,300,600,,,,,6,1200,,,"Minion_Dog",,"ShamanBearDefault",,,,,,,,"death_bull_dude","Gen_move_fx",,,,"bear_spawn",,"bear_attack",,,,,,,,,,,,,,,30,,85,80,,,25,84,,,,,,,,120,"Medium",-43,,,,,,,,,,,"footstep",25,250,160,,,,,,,,,,,,,,,,
"LaserBall",,,,,,,0,1,,,,,,,,,,,,"LaserBall",,"BallDefault",,,,,,,,"laser_ball_goal",,,,,,,,,,,,,,,,,,,,,,,,80,80,,,25,179,,,,,,,,120,,0,,,,,,,,,,,,,,160,,,,,,,,,,,,,,,,
"LootBox",,,,,,,0,6000,,,,,,,,,,,,"LootBox",,"LootBox",,,,,,,,"Gen_wood_explosion",,,,,,,,,,,,,,,,,,,,,,35,,100,-100,0,0,0,95,,,,,,,,145,"Medium",-40,,350,,,,,,,,,"footstep",25,400,160,,,,,,,,,,,,,,,,
"TutorialDummy3",,,,,,,0,4000,,,,,,,,12,,,,"Minion_Building_charges_ulti",,"BossBotDefault",,,,,,,"takedamage_gen","boss_explosion","Gen_move_fx",,,,"tutorial_robo_spawn",,,,,,,,,,,,,,,,,35,,80,80,,,35,200,,,,,,,,145,"Medium",-75,,350,,,,,,,,,"footstep",25,400,160,,,,,,,,,,,,,,,,
"ArtilleryDudeTurret",,,,,,,0,2800,,2500,1200,,,,"ArtilleryDudeTurretProjectile",40,,,,"Minion_Building",,"ArtilleryTurretDefault",,,,,,,"nuts_bolts_metal_small","nuts_bolts_metal_explosion",,,,,"penny_def_ulti_spawn",,"penny_def_turret_atk",,,,,,,,,,,,,,,35,,75,75,,,25,116,180,243,,,,1000,-1400,120,"Medium",-32,,150,,,,,,,,,"footstep",25,400,160,,,,,,,,,,,,,,,,
"CoopMeleeEnemy1",,,,,,,600,4800,,400,260,,,,,5,,,,"Minion_FindEnemies",,"MeleeBotDefault",,,,,,,"nuts_bolts_metal_small","nuts_bolts_metal_explosion","Gen_move_fx",,,,"robo_spawn",,"coop_melee_attack",,,,,,,,,,,,,,,30,70,85,80,,,25,127,200,270,,,,,,120,"Medium",-54,,,,,,,,,,,"footstep",25,250,130,,,,,,,,,,,,,,,,
"CoopMeleeEnemy2",,,,,,,600,6800,,400,470,,,,,5,,,,"Minion_FindEnemies",,"MeleeBotDefault",,,,,,,"nuts_bolts_metal_small","nuts_bolts_metal_explosion","Gen_move_fx",,,,"robo_spawn",,"coop_melee_attack",,,,,,,,,,,,,,,30,70,85,80,,,25,148,200,270,,,,,,145,"Medium",-59,,,,,,,,,,,"footstep",25,250,130,,,,,,,,"true",30,,30,255,120,255,,
"CoopMeleeEnemy3",,,,,,,600,11000,,400,600,,,,,6,,,,"Minion_FindEnemies",,"MeleeBotDefault",,,,,,,"nuts_bolts_metal_small","nuts_bolts_metal_explosion","Gen_move_fx",,,,"robo_spawn",,"coop_melee_attack",,,,,,,,,,,,,,,30,70,85,80,,,25,169,200,270,,,,,,170,"Medium",-65,,,,,,,,,,,"footstep",25,250,130,,,,,,,,"true",100,,,255,140,140,,
"CoopMeleeEnemy4",,,,,,,600,16200,,400,730,,,,,6,,,,"Minion_FindEnemies",,"MeleeBotDefault",,,,,,,"nuts_bolts_metal_small","nuts_bolts_metal_explosion","Gen_move_fx",,,,"robo_spawn",,"coop_melee_attack",,,,,,,,,,,,,,,30,70,85,80,,,25,190,200,270,,,,,,195,"Medium",-70,,,,,,,,,,,"footstep",25,250,130,,,,,,,,"true",150,100,,255,255,180,,
"CoopFastMeleeEnemy1",,,,,,,900,3000,,600,400,,,,,5,,,,"Minion_FindEnemies",,"MeleeFastBotDefault",,,,,,,"nuts_bolts_metal_small","nuts_bolts_metal_explosion","Gen_move_fx",,,,"robo_spawn",,"coop_fast_melee_attack",,,,,,,,,,,,,,,30,,85,80,,,25,106,200,270,,,,,,100,"Medium",-43,,,,,,,,,,,"footstep",25,250,130,,,,,,,,,,,,,,,,
"CoopFastMeleeEnemy2",,,,,,,900,5400,,600,720,,,,,5,,,,"Minion_FindEnemies",,"MeleeFastBotDefault",,,,,,,"nuts_bolts_metal_small","nuts_bolts_metal_explosion","Gen_move_fx",,,,"robo_spawn",,"coop_fast_melee_attack",,,,,,,,,,,,,,,30,,85,80,,,25,127,200,270,,,,,,120,"Medium",-49,,,,,,,,,,,"footstep",25,250,130,,,,,,,,"true",30,,30,255,120,255,,
"CoopFastMeleeEnemy3",,,,,,,900,6900,,600,920,,,,,6,,,,"Minion_FindEnemies",,"MeleeFastBotDefault",,,,,,,"nuts_bolts_metal_small","nuts_bolts_metal_explosion","Gen_move_fx",,,,"robo_spawn",,"coop_fast_melee_attack",,,,,,,,,,,,,,,30,,85,80,,,25,148,200,270,,,,,,140,"Medium",-54,,,,,,,,,,,"footstep",25,250,130,,,,,,,,"true",100,,,255,140,140,,
"CoopFastMeleeEnemy4",,,,,,,900,10080,,600,1120,,,,,6,,,,"Minion_FindEnemies",,"MeleeFastBotDefault",,,,,,,"nuts_bolts_metal_small","nuts_bolts_metal_explosion","Gen_move_fx",,,,"robo_spawn",,"coop_fast_melee_attack",,,,,,,,,,,,,,,30,,85,80,,,25,169,200,270,,,,,,160,"Medium",-59,,,,,,,,,,,"footstep",25,250,130,,,,,,,,"true",150,100,,255,255,180,,
"CoopRangedEnemy1",,,,,,,750,2000,,1400,630,,,30,"CoopRangedEnemyProjectile",27,,,,"Minion_FindEnemies",,"RangedBotDefault",,,,,,,"nuts_bolts_metal_small","nuts_bolts_metal_explosion","Gen_move_fx",,,,"robo_spawn",,"coop_ranged_attack",,,,,,,,,,,,,,,30,,85,80,,,25,127,200,270,,,,,,100,"Medium",-49,,350,,,,,,,,,"footstep",25,250,130,,,,,,,,,,,,,,,,
"CoopRangedEnemy2",,,,,,,750,3600,,1400,1130,,,30,"CoopRangedEnemyProjectile",27,,,,"Minion_FindEnemies",,"RangedBotDefault",,,,,,,"nuts_bolts_metal_small","nuts_bolts_metal_explosion","Gen_move_fx",,,,"robo_spawn",,"coop_ranged_attack",,,,,,,,,,,,,,,30,,85,80,,,25,148,200,270,,,,,,120,"Medium",-54,,350,,,,,,,,,"footstep",25,250,130,,,,,,,,"true",30,,30,255,120,255,,
"CoopRangedEnemy3",,,,,,,750,4600,,1400,1450,,,30,"CoopRangedEnemyProjectile",27,,,,"Minion_FindEnemies",,"RangedBotDefault",,,,,,,"nuts_bolts_metal_small","nuts_bolts_metal_explosion","Gen_move_fx",,,,"robo_spawn",,"coop_ranged_attack",,,,,,,,,,,,,,,30,,85,80,,,25,169,200,270,,,,,,140,"Medium",-59,,350,,,,,,,,,"footstep",25,250,130,,,,,,,,"true",100,,,255,140,140,,
"CoopRangedEnemy4",,,,,,,750,6700,,1400,1760,,,30,"CoopRangedEnemyProjectile",27,,,,"Minion_FindEnemies",,"RangedBotDefault",,,,,,,"nuts_bolts_metal_small","nuts_bolts_metal_explosion","Gen_move_fx",,,,"robo_spawn",,"coop_ranged_attack",,,,,,,,,,,,,,,30,,85,80,,,25,190,200,270,,,,,,160,"Medium",-65,,350,,,,,,,,,"footstep",25,250,130,,,,,,,,"true",150,100,,255,255,180,,
"ShotgunGirlPet",,,,,,,652,2400,,600,400,,,30,"ShotgunGirlPetProjectile",22,320,,,"Minion_FollowOwner",,"ShellyPetDefault",,,,,,,,"death_shotgun_girl","Gen_move_fx",,,,,,"bear_attack",,,,,,,,,,,,,,,30,,85,80,,,25,43,200,270,,,,,,90,"Medium",-11,,350,,,,,,,,,"footstep",25,250,160,,,,,,,,,,,,,,,,
"BlackHolePet",,,,,,,870,2400,,600,400,,,,,5,,,,"Minion_FindEnemies",,"BlackholePetDefault",,,,,,,,"death_shotgun_girl",,,,,"tara_def_ulti_starPower_spawn",,"bear_attack",,,,,,"sparkle_trail_dark_minion",,,,,,,,,30,,85,80,,,25,95,200,270,,,,,,90,"Medium",-43,,350,,,,,,,,,,25,250,160,,,,,,,,,,,,,,,,
"CoopBoss1",,,,"BossRapidFire","BossCharge",,600,45000,,400,600,,,,,8,,,,"Npc_Boss",,"BigBotDefault",,,,,,,"nuts_bolts_metal_small","boss_explosion","Gen_move_fx",,,,"robo_spawn",,"coop_melee_attack",,,,,,,,,,,,,,,30,150,85,80,,,25,250,200,270,,,,,,220,"Medium",-100,,500,,,,,,,,,"footstep",60,400,160,,,,,,,,,,,,,,,,
"CoopBoss2",,,,"BossRapidFire2","BossCharge",,600,55000,,400,640,,,,,9,,,,"Npc_Boss",,"BigBotDefault",,,,,,,"nuts_bolts_metal_small","boss_explosion","Gen_move_fx",,,,"robo_spawn",,"coop_melee_attack",,,,,,,,,,,,,,,30,150,85,80,,,25,300,200,270,,,,,,250,"Medium",-120,,500,,,,,,,,,"footstep",60,400,160,,,,,,,,"true",30,,30,255,120,255,,
"CoopBoss3",,,,"BossRapidFire3","BossCharge",,600,65000,,400,680,,,,,9,,,,"Npc_Boss",,"BigBotDefault",,,,,,,"nuts_bolts_metal_small","boss_explosion","Gen_move_fx",,,,"robo_spawn",,"coop_melee_attack",,,,,,,,,,,,,,,30,150,85,80,,,25,350,200,270,,,,,,280,"Medium",-140,,500,,,,,,,,,"footstep",60,400,160,,,,,,,,"true",100,,,255,140,140,,
"TutorialExplodingBarrel",,,,,,,0,300,,,,,,,,,,,,"Minion_Building",,"TntBox",,,,,,"ExplodingBarrelExplosion",,,,,,,,,,,,,,,,,,,,,,,,35,,100,-100,0,0,0,95,,,,,,,,145,,-59,,350,,,,,,,,,"footstep",25,400,160,,,,,,,,,,,,,,,,
"EventModifierBoss",,,,,,,600,32000,,400,600,,,,,7,,,,"Minion_FindEnemies2",,"BigBotDefault",,,,,,,"nuts_bolts_metal_small","boss_explosion","Gen_move_fx",,,,"robo_spawn",,"coop_melee_attack",,,,,,,,,,,,,,,35,,85,80,,,25,250,200,270,,,,,,220,"Medium",-100,,,,,,,,,,,"footstep",25,250,160,,,,,,,,,,,,,,,,
"RaidBoss",,,,"RaidBossRapidFire","RaidBossCharge",,550,250000,,400,800,,,,,9,,,,"Npc_Boss",,"BossBotDefault",,,,,,,"nuts_bolts_metal_small","boss_explosion","Gen_move_fx",,,,"robo_spawn",,"coop_melee_attack",,,,,,,,,,,,,,,30,150,85,80,,,25,300,200,270,,,,,,280,"Medium",-130,,500,,,,,,,,,"footstep",60,400,160,,,,,,,,,,,,,,,,
"RaidBossMeleeEnemy1",,,,,,,650,3600,,400,260,,,,,5,,,,"Minion_FindEnemies",,"MeleeBotDefault",,,,,,,"nuts_bolts_metal_small","nuts_bolts_metal_explosion","Gen_move_fx",,,,"robo_spawn",,"coop_melee_attack",,,,,,,,,,,,,,,30,70,85,80,,,25,127,200,270,,,,,,120,"Medium",-54,,,,,,,,,,,"footstep",25,250,130,,,,,,,,,,,,,,,,
"RaidBossMeleeEnemy2",,,,,,,650,5100,,400,470,,,,,5,,,,"Minion_FindEnemies",,"MeleeBotDefault",,,,,,,"nuts_bolts_metal_small","nuts_bolts_metal_explosion","Gen_move_fx",,,,"robo_spawn",,"coop_melee_attack",,,,,,,,,,,,,,,30,70,85,80,,,25,148,200,270,,,,,,145,"Medium",-59,,,,,,,,,,,"footstep",25,250,130,,,,,,,,"true",30,,30,255,120,255,,
"RaidBossMeleeEnemy3",,,,,,,650,8250,,400,600,,,,,6,,,,"Minion_FindEnemies",,"MeleeBotDefault",,,,,,,"nuts_bolts_metal_small","nuts_bolts_metal_explosion","Gen_move_fx",,,,"robo_spawn",,"coop_melee_attack",,,,,,,,,,,,,,,30,70,85,80,,,25,169,200,270,,,,,,170,"Medium",-65,,,,,,,,,,,"footstep",25,250,130,,,,,,,,"true",100,,,255,140,140,,
"RaidBossMeleeEnemy4",,,,,,,650,12150,,400,730,,,,,6,,,,"Minion_FindEnemies",,"MeleeBotDefault",,,,,,,"nuts_bolts_metal_small","nuts_bolts_metal_explosion","Gen_move_fx",,,,"robo_spawn",,"coop_melee_attack",,,,,,,,,,,,,,,30,70,85,80,,,25,190,200,270,,,,,,195,"Medium",-70,,,,,,,,,,,"footstep",25,250,130,,,,,,,,"true",150,100,,255,255,180,,
"RaidBossFastMeleeEnemy1",,,,,,,950,2250,,600,400,,,,,5,,,,"Minion_FindEnemies",,"MeleeFastBotDefault",,,,,,,"nuts_bolts_metal_small","nuts_bolts_metal_explosion","Gen_move_fx",,,,"robo_spawn",,"coop_fast_melee_attack",,,,,,,,,,,,,,,30,,85,80,,,25,106,200,270,,,,,,100,"Medium",-43,,,,,,,,,,,"footstep",25,250,130,,,,,,,,,,,,,,,,
"RaidBossFastMeleeEnemy2",,,,,,,950,4050,,600,720,,,,,5,,,,"Minion_FindEnemies",,"MeleeFastBotDefault",,,,,,,"nuts_bolts_metal_small","nuts_bolts_metal_explosion","Gen_move_fx",,,,"robo_spawn",,"coop_fast_melee_attack",,,,,,,,,,,,,,,30,,85,80,,,25,127,200,270,,,,,,120,"Medium",-49,,,,,,,,,,,"footstep",25,250,130,,,,,,,,"true",30,,30,255,120,255,,
"RaidBossFastMeleeEnemy3",,,,,,,950,5175,,600,920,,,,,6,,,,"Minion_FindEnemies",,"MeleeFastBotDefault",,,,,,,"nuts_bolts_metal_small","nuts_bolts_metal_explosion","Gen_move_fx",,,,"robo_spawn",,"coop_fast_melee_attack",,,,,,,,,,,,,,,30,,85,80,,,25,148,200,270,,,,,,140,"Medium",-54,,,,,,,,,,,"footstep",25,250,130,,,,,,,,"true",100,,,255,140,140,,
"RaidBossFastMeleeEnemy4",,,,,,,950,7560,,600,1120,,,,,6,,,,"Minion_FindEnemies",,"MeleeFastBotDefault",,,,,,,"nuts_bolts_metal_small","nuts_bolts_metal_explosion","Gen_move_fx",,,,"robo_spawn",,"coop_fast_melee_attack",,,,,,,,,,,,,,,30,,85,80,,,25,169,200,270,,,,,,160,"Medium",-59,,,,,,,,,,,"footstep",25,250,130,,,,,,,,"true",150,100,,255,255,180,,
"RaidBossRangedEnemy1",,,,,,,800,1500,,1400,630,,,40,"RaidBossRangedEnemyProjectile",27,,,,"Minion_FindEnemies",,"RangedBotDefault",,,,,,,"nuts_bolts_metal_small","nuts_bolts_metal_explosion","Gen_move_fx",,,,"robo_spawn",,"coop_ranged_attack",,,,,,,,,,,,,,,30,,85,80,,,25,127,200,270,,,,,,100,"Medium",-49,,350,,,,,,,,,"footstep",25,250,130,,,,,,,,,,,,,,,,
"RaidBossRangedEnemy2",,,,,,,800,2700,,1400,1130,,,40,"RaidBossRangedEnemyProjectile",27,,,,"Minion_FindEnemies",,"RangedBotDefault",,,,,,,"nuts_bolts_metal_small","nuts_bolts_metal_explosion","Gen_move_fx",,,,"robo_spawn",,"coop_ranged_attack",,,,,,,,,,,,,,,30,,85,80,,,25,148,200,270,,,,,,120,"Medium",-54,,350,,,,,,,,,"footstep",25,250,130,,,,,,,,"true",30,,30,255,120,255,,
"RaidBossRangedEnemy3",,,,,,,800,3450,,1400,1450,,,40,"RaidBossRangedEnemyProjectile",27,,,,"Minion_FindEnemies",,"RangedBotDefault",,,,,,,"nuts_bolts_metal_small","nuts_bolts_metal_explosion","Gen_move_fx",,,,"robo_spawn",,"coop_ranged_attack",,,,,,,,,,,,,,,30,,85,80,,,25,169,200,270,,,,,,140,"Medium",-59,,350,,,,,,,,,"footstep",25,250,130,,,,,,,,"true",100,,,255,140,140,,
"RaidBossRangedEnemy4",,,,,,,800,5040,,1400,1760,,,40,"RaidBossRangedEnemyProjectile",27,,,,"Minion_FindEnemies",,"RangedBotDefault",,,,,,,"nuts_bolts_metal_small","nuts_bolts_metal_explosion","Gen_move_fx",,,,"robo_spawn",,"coop_ranged_attack",,,,,,,,,,,,,,,30,,85,80,,,25,190,200,270,,,,,,160,"Medium",-65,,350,,,,,,,,,"footstep",25,250,130,,,,,,,,"true",150,100,,255,255,180,,
"RoboWarsBase",,,,,,,0,40000,,500,1000,,,,"RoboWarsBaseProjectile",35,,,,"Pvp_Base",,"RoboWarsBaseDefault",,,,,,,"nuts_bolts_metal_small","siege_base_destroyed",,,,,,,"siege_base_attack",,,,,,,,,,,,,,,40,,100,-100,0,0,0,550,,,,,,,,160,"Medium",-75,,300,,,,,,,,,"footstep",25,400,160,,,,,,,,,,,,,,,,
"RoboWarsBox",,,,,,,0,4000,,,,,,,,,,,,"LootBox",,"RoboWarsBox",,,,,,,,"Gen_wood_explosion",,,,,"robo_wars_box_spawn",,,,,,,,,,,,,,,,,35,,100,-100,0,0,0,,,,,,,,,145,"Medium",-40,,350,,,,,,,,,"footstep",25,400,160,,,,,,,,,,,,,,,,
"RoboWarsRobo",,,,,,,400,50000,,400,300,,,,,6,,,,"RoboWars",,"BigBotDefault",,,,,,,"nuts_bolts_metal_small","explosion_tnt_dude","Gen_move_fx",,,,"robo_spawn",,"coop_melee_attack",,,,,,,,,,,,,,,35,,85,80,,,25,250,200,270,,,,,,220,"Medium",-100,,,,,,,,,,,"footstep",25,250,160,,,,,,,,,,,,,,,,
"TrainingDummySmall",,,,,,,0,1500,,,,,,,,12,,,,"Minion_Building_charges_ulti",,"MeleeFastBotDefault",,,,,,,"nuts_bolts_metal_small","nuts_bolts_metal_explosion","Gen_move_fx",,,,"robo_spawn",,,,,,,,,,,,,,,,,35,,80,80,,,35,140,,,,,,,,120,"Medium",-50,,350,,,,,,,,,"footstep",25,400,160,,,,,,,,,,,,,,,,
"TrainingDummyMedium",,,,,,,0,4000,,,,,,,,12,,,,"Minion_Building_charges_ulti",,"MeleeBotDefault",,,,,,,"nuts_bolts_metal_small","nuts_bolts_metal_explosion","Gen_move_fx",,,,"robo_spawn",,,,,,,,,,,,,,,,,35,,80,80,,,35,140,,,,,,,,120,"Medium",-50,,350,,,,,,,,,"footstep",25,400,160,,,,,,,,,,,,,,,,
"TrainingDummyBig",,,,,,,0,100000,,,,,,,,12,,,,"Minion_Building_charges_ulti",,"BossBotDefault",,,,,,,"nuts_bolts_metal_small","boss_explosion","Gen_move_fx",,,,"robo_spawn",,,,,,,,,,,,,,,,,35,,80,80,,,35,200,,,,,,,,220,"Medium",-75,,350,,,,,,,,,"footstep",25,400,160,,,,,,,,,,,,,,,,
"TrainingDummyShooting",,,,,,,0,4000,,1400,500,,,,"CoopRangedEnemyProjectile",20,,,,"Minion_Building_charges_ulti",,"RangedBotDefault",,,,,,,"nuts_bolts_metal_small","nuts_bolts_metal_explosion","Gen_move_fx",,,,"robo_spawn",,"coop_ranged_attack",,,,,,,,,,,,,,,50,,85,80,,,25,127,200,270,,,,,,120,"Medium",-49,,350,,,,,,,,,"footstep",25,250,130,,,,,,,,,,,,,,,,
"Train0",,,,,,,0,1,,,,,,,,,,,,"Train",,"MineCart",,,,,,,,,"Gen_move_fx",,,,,,,,,,,,,,,,,,,,,,,80,80,,,25,250,,,,,,,,200,,,,,,,,,,,,,,130,50,,,,,,,,,,,,,,,,,
"Train1",,,,,,,0,1,,,,,,,,,,,,"Train",,"MineCartB",,,,,,,,,"Gen_move_fx",,,,,,,,,,,,,,,,,,,,,,,80,80,,,25,250,,,,,,,,200,,,,,,,,,,,,,,130,50,,,,,,,,,,,,,,,,,
"Train2",,,,,,,0,1,,,,,,,,,,,,"Train",,"MineCartC",,,,,,,,,"Gen_move_fx",,,,,,,,,,,,,,,,,,,,,,,80,80,,,25,250,,,,,,,,200,,,,,,,,,,,,,,130,50,,,,,,,,,,,,,,,,,
"Train3",,,,,,,0,1,,,,,,,,,,,,"Train",,"MineCartD",,,,,,,,,"Gen_move_fx",,,,,,,,,,,,,,,,,,,,,,,80,80,,,25,250,,,,,,,,200,,,,,,,,,,,,,,130,50,,,,,,,,,,,,,,,,,
"Train4",,,,,,,0,1,,,,,,,,,,,,"Train",,"MineCartE",,,,,,,,,"Gen_move_fx",,,,,,,,,,,,,,,,,,,,,,,80,80,,,25,250,,,,,,,,200,,,,,,,,,,,,,,130,50,,,,,,,,,,,,,,,,,
"ClusterBombPet",,,,,,,1200,1600,,1000,2400,,,,,,,,,"Minion_FindEnemies",,"ClusterBombPetDefault",,,,,,"ClusterBombPetExplosion","nuts_bolts_metal_small","nuts_bolts_metal_explosion",,,,,"tara_def_ulti_starPower_spawn",,,,,,,,"sparkle_trail_dark_minion",,,,,,,,,,,85,80,,,25,50,200,270,,,,,,90,"Medium",-43,,,,,,,,,,,,25,250,,,,,,,,,,,,,,,,,
